<?xml version="1.0" encoding="UTF-8"?>

<!DOCTYPE liga[
<!ELEMENT liga (partido*)>
<!ELEMENT partido (equipoLocal, golesLocal, equipoVisitante, golesVisitante)>
<!ELEMENT equipoLocal (#PCDATA)>
<!ELEMENT golesLocal (#PCDATA)>
<!ELEMENT equipoVisitante (#PCDATA)>
<!ELEMENT golesVisitante (#PCDATA)>

]>

<liga>
	<partido>
		
		<equipoLocal>Nottingham Presa</equipoLocal>
		<golesLocal>0</golesLocal>
		
		<equipoVisitante>Inter de Mitente</equipoVisitante>
		<golesVisitante>1</golesVisitante>
		
	</partido>
	
	<partido>
		
		<equipoLocal>Vodka Juniors</equipoLocal>
		<golesLocal>3</golesLocal>
		
		<equipoVisitante>Sparta da Risa</equipoVisitante>
		<golesVisitante>3</golesVisitante>
		
	</partido>
	
	<partido>
		
		<equipoLocal>Water de Munich</equipoLocal>
		<golesLocal>4</golesLocal>
		
		<equipoVisitante>Esteaua es del grifo</equipoVisitante>
		<golesVisitante>2</golesVisitante>
		
	</partido>
	
	
</liga>
