<?xml version="1.0" encoding="UTF-8" ?>
<?xml-stylesheet type="text/xsl" href="ejercicioa.xsl"?>
<notas>
    <alumno convocatoria="Septiembre">
        <nombre>Carlos</nombre>
        <apellidos>Amaya Arozamena</apellidos>
        <matricula>m019843</matricula>
        <cuestionarios>8.0</cuestionarios>
        <tareas>8.0</tareas>
        <examen>6.0</examen>
        <final>8.0</final>
    </alumno>
    <alumno convocatoria="Junio">
        <nombre>Jose</nombre>
        <apellidos>Muñoz Soto</apellidos>
        <matricula>m019872</matricula>
        <cuestionarios>7.0</cuestionarios>
        <tareas>9.0</tareas>
        <examen>7.0</examen>
        <final>8.5</final>
    </alumno>
    <alumno convocatoria="Junio">
        <nombre>Ana</nombre>
        <apellidos>Martinez de la Fuente</apellidos>
        <matricula>m097215</matricula>
        <cuestionarios>8.0</cuestionarios>
        <tareas>9.0</tareas>
        <examen>9.0</examen>
        <final>8.5</final>
    </alumno>
    <alumno convocatoria="Septiembre">
        <nombre>Roberto</nombre>
        <apellidos>Carrera Fernández</apellidos>
        <matricula>m059312</matricula>
        <cuestionarios>6.0</cuestionarios>
        <tareas>7.0</tareas>
        <examen>6.0</examen>
        <final>6.5</final>
    </alumno>
    <alumno convocatoria="Septiembre">
        <nombre>Concepción</nombre>
        <apellidos>Lalinde Priego</apellidos>
        <matricula>m034093</matricula>
        <cuestionarios>4.0</cuestionarios>
        <tareas>3.0</tareas>
        <examen>2.0</examen>
        <final>3.0</final>
    </alumno>
    <alumno convocatoria="Junio">
        <nombre>Esther</nombre>
        <apellidos>Pereda</apellidos>
        <matricula>m938762</matricula>
        <cuestionarios>2.0</cuestionarios>
        <tareas>3.0</tareas>
        <examen>2.0</examen>
        <final>2.5</final>
    </alumno>
</notas>